time,B2C_reference_position,B2C_feedback_position,B2C_position_error,B2C_reference_velocity,B2C_feedback_velocity,B2C_velocity_error,B2C_torque,C2F_reference_position,C2F_feedback_position,C2F_position_error,C2F_reference_velocity,C2F_feedback_velocity,C2F_velocity_error,C2F_torque,F2T_reference_position,F2T_feedback_position,F2T_position_error,F2T_reference_velocity,F2T_feedback_velocity,F2T_velocity_error, F2T_torque,T2E_reference_position,T2E_feedback_position,T2E_position_error,T2E_reference_velocity,T2E_feedback_velocity,T2E_velocity_error,T2E_torque,wristH_reference_position,wristH_feedback_position,wristH_position_error,wristH_reference_velocity,wristH_feedback_velocity,wristH_velocity_error,wristH_torque,wristV_reference_position,wristV_feedback_position,wristV_position_error,wristV_reference_velocity,wristV_feedback_velocity,wristV_velocity_error,wristV_torque,driving_reference_position,driving_feedback_position,driving_position_error,driving_reference_velocity,driving_feedback_velocity,driving_velocity_error,driving_torque,
1.73472e+09,0.00314967,0.00498607,-0.0018364,0,0.631758,-0.631758,-0.55092,-0.0502119,-0.175716,0.125505,0,-2.98625,2.98625,62.7523,1.65704,1.76937,-0.112336,0,4.46872,-4.46872,-44.9342,-0.241447,-0.259832,0.0183849,0,-31.7016,31.7016,5.51547,-0.0319337,-0.0347593,0.00282562,0,-2.35085,2.35085,0.847685,0.222207,0.243985,-0.0217784,0,37.5419,-37.5419,-10.8892,-0.0311061,-0.00489165,-0.0262144,0,-2.98832,2.98832,-0.262144,
1.73472e+09,0.00314967,0.00354064,-0.000390964,0,-0.059739,0.059739,-0.117289,-0.0502119,-0.260747,0.210535,0,0.281455,-0.281455,105.268,1.65704,1.82875,-0.171713,0,2.12369,-2.12369,-68.6851,-0.241447,-0.249441,0.00799368,0,-23.9322,23.9322,2.3981,-0.0319337,-0.0325756,0.000641849,0,-0.790593,0.790593,0.192555,0.222207,0.243371,-0.0211642,0,23.872,-23.872,-10.5821,-0.0311061,-0.000973546,-0.0301325,0,-1.99258,1.99258,-0.301325,
1.73472e+09,0.00314967,0.00298331,0.000166359,0,0.106848,-0.106848,0.0499077,-0.0502119,-0.268029,0.217817,0,1.48474,-1.48474,108.908,1.65704,1.83799,-0.180951,0,-1.2585,1.2585,-72.3806,-0.241447,-0.240057,-0.00138959,0,0.020254,-0.020254,-0.416876,-0.0319337,-0.0315542,-0.000379552,0,-0.0204522,0.0204522,-0.113866,0.222207,0.225827,-0.00362087,0,-0.0883116,0.0883116,-1.81044,-0.0311061,0.00291545,-0.0340215,0,-0.00376711,0.00376711,-0.340215,
1.73472e+09,0.00314967,0.00300085,0.000148819,0,-0.0105888,0.0105888,0.0446456,-0.0502119,-0.205696,0.155484,0,4.33437,-4.33437,77.7421,1.65704,1.78534,-0.128302,0,-3.72047,3.72047,-51.3207,-0.241447,-0.240921,-0.000525874,0,0.499011,-0.499011,-0.157762,-0.0319337,-0.0317016,-0.000232153,0,-0.0150291,0.0150291,-0.069646,0.222207,0.224545,-0.00233843,0,-0.987147,0.987147,-1.16921,-0.0311061,0.00292501,-0.0340311,0,-0.0172905,0.0172905,-0.340311,
1.73472e+09,0.00314967,0.00280786,0.000341812,0,0.0121511,-0.0121511,0.102544,-0.0502119,-0.0998381,0.0496262,0,4.56272,-4.56272,24.8131,1.65704,1.69055,-0.0335141,0,-4.65941,4.65941,-13.4056,-0.241447,-0.242409,0.000962161,0,0.211318,-0.211318,0.288648,-0.0319337,-0.0319149,-1.88478e-05,0,-0.000587291,0.000587291,-0.00565433,0.222207,0.222693,-0.00048674,0,-0.225724,0.225724,-0.24337,-0.0311061,0.00315668,-0.0342627,0,-0.0223052,0.0223052,-0.342627,
1.73472e+09,0.00314967,0.00408197,-0.000932299,0,0.0704313,-0.0704313,-0.27969,-0.0502119,-0.0575918,0.00737992,0,1.70467,-1.70467,3.68996,1.65704,1.68103,-0.0239905,0,-0.868169,0.868169,-9.59619,-0.241447,-0.240329,-0.00111819,0,-0.240341,0.240341,-0.335457,-0.0319337,-0.0318523,-8.13955e-05,0,-0.00887551,0.00887551,-0.0244187,0.222207,0.222516,-0.000309325,0,0.0442817,-0.0442817,-0.154662,-0.0311061,0.00259128,-0.0336973,0,-0.00175873,0.00175873,-0.336973,
1.73472e+09,0.00314967,0.00335869,-0.000209011,0,0.00454482,-0.00454482,-0.0627034,-0.0502119,-0.0413952,-0.00881675,0,0.153275,-0.153275,-4.40837,1.65704,1.6585,-0.00146741,0,-1.67419,1.67419,-0.586966,-0.241447,-0.237105,-0.00434177,0,0.0280477,-0.0280477,-1.30253,-0.0319337,-0.0317413,-0.000192385,0,0.00124318,-0.00124318,-0.0577156,0.222207,0.223814,-0.00160723,0,-0.0531568,0.0531568,-0.803614,-0.0311061,0.00256907,-0.0336751,0,0.000971315,-0.000971315,-0.336751,
1.73472e+09,0.00314967,0.00309861,5.10621e-05,0,-0.0338394,0.0338394,0.0153186,-0.0502119,-0.0602819,0.01007,0,-0.10972,0.10972,5.03499,1.65704,1.64592,0.0111157,0,0.555469,-0.555469,4.44626,-0.241447,-0.248019,0.00657172,0,-0.0456645,0.0456645,1.97152,-0.0319337,-0.0318615,-7.22309e-05,0,0.000390055,-0.000390055,-0.0216693,0.222207,0.219907,0.00229923,0,-0.0299651,0.0299651,1.14961,-0.0311061,0.00262889,-0.033735,0,0.000865203,-0.000865203,-0.33735,
1.73472e+09,0.00314967,0.0059755,-0.00282583,0,-0.0986081,0.0986081,-0.847748,-0.0502119,-0.0928397,0.0426278,0,3.65428,-3.65428,21.3139,1.65704,1.67994,-0.022903,0,-0.233726,0.233726,-9.1612,-0.241447,-0.259158,0.0177114,0,-32.7192,32.7192,5.31341,-0.0319337,-0.0331997,0.001266,0,-0.0900615,0.0900615,0.3798,0.222207,0.249857,-0.0276505,0,37.5991,-37.5991,-13.8252,-0.0311061,-0.00705422,-0.0240518,0,-6.16475,6.16475,-0.240518,
1.73472e+09,0.00314967,0.00138944,0.00176023,0,-0.238718,0.238718,0.528069,-0.0502119,-0.0647857,0.0145737,0,-0.121603,0.121603,7.28687,1.65704,1.65054,0.0064997,0,-2.39927,2.39927,2.59988,-0.241447,-0.227684,-0.0137635,0,31.5166,-31.5166,-4.12905,-0.0319337,-0.031969,3.52741e-05,0,2.08643,-2.08643,0.0105822,0.222207,0.211558,0.010649,0,-37.491,37.491,5.3245,-0.0311061,-0.000347377,-0.0307587,0,5.09245,-5.09245,-0.307587,
1.73472e+09,0.00314967,0.00251212,0.000637556,0,0.0488545,-0.0488545,0.191267,-0.0502119,-0.0549147,0.00470273,0,-3.21342,3.21342,2.35136,1.65704,1.66665,-0.00961094,0,0.16552,-0.16552,-3.84438,-0.241447,-0.22471,-0.0167374,0,31.7142,-31.7142,-5.02123,-0.0319337,-0.0313761,-0.000557623,0,1.57586,-1.57586,-0.167287,0.222207,0.200917,0.02129,0,-35.3556,35.3556,10.645,-0.0311061,-0.0254184,-0.00568771,0,4.92245,-4.92245,-0.0568771,
1.73472e+09,0.00314967,0.00162742,0.00152225,0,-0.176856,0.176856,0.456676,-0.0502119,-0.0462911,-0.00392083,0,-3.76418,3.76418,-1.96042,1.65704,1.6677,-0.0106669,0,0.312116,-0.312116,-4.26675,-0.241447,-0.225966,-0.0154808,0,30.6378,-30.6378,-4.64424,-0.0319337,-0.0304703,-0.00146345,0,2.05604,-2.05604,-0.439035,0.222207,0.209856,0.0123504,0,-34.193,34.193,6.1752,-0.0311061,-0.0247901,-0.00631596,0,6.95535,-6.95535,-0.0631596,
1.73472e+09,0.00314967,0.00146262,0.00168705,0,-0.0414101,0.0414101,0.506115,-0.0502119,-0.0517123,0.00150039,0,-2.81545,2.81545,0.750193,1.65704,1.65777,-0.000729885,0,-1.50946,1.50946,-0.291954,-0.241447,-0.225682,-0.0157654,0,31.9861,-31.9861,-4.72963,-0.0319337,-0.0304343,-0.0014994,0,1.80731,-1.80731,-0.44982,0.222207,0.208606,0.0136005,0,-38.0789,38.0789,6.80025,-0.0311061,-0.0195187,-0.0115874,0,3.62828,-3.62828,-0.115874,
1.73472e+09,0.00314967,0.00480323,-0.00165356,0,0.357309,-0.357309,-0.496068,-0.0502119,-0.0600132,0.00980131,0,-0.224006,0.224006,4.90066,1.65704,1.65512,0.00191812,0,0.370399,-0.370399,0.767247,-0.241447,-0.257157,0.0157095,0,-10.1764,10.1764,4.71284,-0.0319337,-0.0314797,-0.000453972,0,-1.91301,1.91301,-0.136192,0.222207,0.232535,-0.0103285,0,17.6048,-17.6048,-5.16425,-0.0311061,-0.0206167,-0.0104893,0,-1.92505,1.92505,-0.104893,
1.73472e+09,0.00314967,0.00439635,-0.00124668,0,-0.0250495,0.0250495,-0.374004,-0.0502119,-0.064668,0.0144561,0,2.96124,-2.96124,7.22805,1.65704,1.66213,-0.00509237,0,0.239054,-0.239054,-2.03695,-0.241447,-0.25921,0.0177632,0,-28.7648,28.7648,5.32895,-0.0319337,-0.0347326,0.00279893,0,-4.06213,4.06213,0.83968,0.222207,0.235014,-0.0128079,0,34.7073,-34.7073,-6.40397,-0.0311061,-0.00125139,-0.0298547,0,-13.0722,13.0722,-0.298547,
1.73472e+09,0.00314967,0.00125049,0.00189918,0,0.0527516,-0.0527516,0.569755,-0.0502119,-0.0448346,-0.00537736,0,2.30334,-2.30334,-2.68868,1.65704,1.65562,0.00141695,0,0.727478,-0.727478,0.566779,-0.241447,-0.256641,0.0151937,0,-23.9708,23.9708,4.55812,-0.0319337,-0.0313674,-0.000566342,0,-0.62226,0.62226,-0.169903,0.222207,0.230655,-0.00844857,0,30.2934,-30.2934,-4.22429,-0.0311061,-0.0215117,-0.00959439,0,-3.96987,3.96987,-0.0959439,
1.73472e+09,0.00314967,0.00199312,0.00115655,0,-0.00891427,0.00891427,0.346965,-0.0502119,-0.0449863,-0.00522565,0,-2.67701,2.67701,-2.61282,1.65704,1.66395,-0.00690909,0,-0.365078,0.365078,-2.76363,-0.241447,-0.226046,-0.0154006,0,31.2933,-31.2933,-4.62019,-0.0319337,-0.0312888,-0.000644905,0,1.04667,-1.04667,-0.193472,0.222207,0.210958,0.0112489,0,-39.0275,39.0275,5.62445,-0.0311061,-0.0250196,-0.00608652,0,3.14136,-3.14136,-0.0608652,
1.73472e+09,0.00314967,0.00366408,-0.000514406,0,0.00236288,-0.00236288,-0.154322,-0.0502119,-0.051679,0.00146708,0,-3.27449,3.27449,0.733542,1.65704,1.65945,-0.00241722,0,-0.71066,0.71066,-0.966888,-0.241447,-0.226564,-0.0148827,0,31.7682,-31.7682,-4.46482,-0.0319337,-0.031049,-0.000884763,0,1.74225,-1.74225,-0.265429,0.222207,0.206622,0.0155848,0,-39.3738,39.3738,7.79239,-0.0311061,-0.021902,-0.00920405,0,3.63079,-3.63079,-0.0920405,
1.73472e+09,0.00314967,0.00315169,-2.01277e-06,0,-0.108912,0.108912,-0.00060383,-0.0502119,-0.0620005,0.0117885,0,-3.58622,3.58622,5.89427,1.65704,1.65507,0.00196247,0,0.0390523,-0.0390523,0.784986,-0.241447,-0.226431,-0.0150157,0,32.2438,-32.2438,-4.50472,-0.0319337,-0.0328449,0.000911192,0,2.48844,-2.48844,0.273357,0.222207,0.202152,0.0200545,0,-37.1055,37.1055,10.0273,-0.0311061,-0.0105134,-0.0205927,0,7.21261,-7.21261,-0.205927,
1.73472e+09,0.00314967,0.00167862,0.00147105,0,0.0291067,-0.0291067,0.441315,-0.0502119,-0.0602279,0.010016,0,4.13166,-4.13166,5.008,1.65704,1.66095,-0.00391823,0,-0.37987,0.37987,-1.56729,-0.241447,-0.259018,0.0175707,0,-31.479,31.479,5.27122,-0.0319337,-0.0325602,0.00062648,0,-1.62798,1.62798,0.187944,0.222207,0.236175,-0.0139684,0,35.7887,-35.7887,-6.98421,-0.0311061,-0.00868443,-0.0224216,0,-8.52982,8.52982,-0.224216,
1.73472e+09,0.00314967,0.0026118,0.000537871,0,0.0795892,-0.0795892,0.161361,-0.0502119,-0.0463186,-0.00389336,0,2.98426,-2.98426,-1.94668,1.65704,1.65932,-0.00228559,0,0.875994,-0.875994,-0.914237,-0.241447,-0.256904,0.0154573,0,-31.4202,31.4202,4.63718,-0.0319337,-0.0328273,0.000893602,0,-1.53249,1.53249,0.268081,0.222207,0.233954,-0.0117473,0,38.6913,-38.6913,-5.87365,-0.0311061,-0.0209353,-0.0101708,0,-5.89514,5.89514,-0.101708,
1.73472e+09,0.00314967,0.00301313,0.000136545,0,0.0353249,-0.0353249,0.0409635,-0.0502119,-0.0459401,-0.00427178,0,2.95218,-2.95218,-2.13589,1.65704,1.66093,-0.00389213,0,-0.137261,0.137261,-1.55685,-0.241447,-0.256886,0.0154393,0,-32.0597,32.0597,4.63178,-0.0319337,-0.0325694,0.000635681,0,-1.86085,1.86085,0.190704,0.222207,0.241139,-0.0189325,0,39.094,-39.094,-9.46625,-0.0311061,-0.028906,-0.00220005,0,-5.88909,5.88909,-0.0220005,
1.73472e+09,0.00314967,0.00285334,0.000296329,0,-0.219157,0.219157,0.0888987,-0.0502119,-0.0556331,0.00542115,0,-3.75616,3.75616,2.71058,1.65704,1.65488,0.00215903,0,0.0747356,-0.0747356,0.863613,-0.241447,-0.227975,-0.0134719,0,30.3971,-30.3971,-4.04157,-0.0319337,-0.0309896,-0.000944075,0,0.0300362,-0.0300362,-0.283223,0.222207,0.195781,0.0264255,0,-38.3865,38.3865,13.2127,-0.0311061,-0.0254866,-0.00561947,0,4.96357,-4.96357,-0.0561947,
1.73472e+09,0.00314967,0.00361614,-0.000466467,0,-0.0646674,0.0646674,-0.13994,-0.0502119,-0.0629291,0.0127172,0,-2.6171,2.6171,6.35858,1.65704,1.66463,-0.00759401,0,0.245525,-0.245525,-3.03761,-0.241447,-0.232395,-0.00905231,0,25.84,-25.84,-2.71569,-0.0319337,-0.0311396,-0.000794156,0,1.95676,-1.95676,-0.238247,0.222207,0.200541,0.0216659,0,-29.4963,29.4963,10.833,-0.0311061,-0.000970093,-0.030136,0,6.40808,-6.40808,-0.30136,
1.73472e+09,0.00314967,0.00316217,-1.24964e-05,0,-0.00464521,0.00464521,-0.00374891,-0.0502119,-0.0491876,-0.0010243,0,-3.41665,3.41665,-0.512149,1.65704,1.65274,0.00429392,0,-0.704813,0.704813,1.71757,-0.241447,-0.224877,-0.0165701,0,32.1101,-32.1101,-4.97104,-0.0319337,-0.0308941,-0.00103959,0,1.74522,-1.74522,-0.311877,0.222207,0.199256,0.0229508,0,-37.2248,37.2248,11.4754,-0.0311061,-0.0239654,-0.00714069,0,4.52207,-4.52207,-0.0714069,
1.73472e+09,0.00314967,0.00338202,-0.000232342,0,-0.0728487,0.0728487,-0.0697027,-0.0502119,-0.0487879,-0.00142404,0,3.15389,-3.15389,-0.712019,1.65704,1.65877,-0.0017363,0,0.685384,-0.685384,-0.69452,-0.241447,-0.256227,0.0147798,0,-29.7874,29.7874,4.43393,-0.0319337,-0.0320817,0.000148025,0,-1.41227,1.41227,0.0444076,0.222207,0.232807,-0.0106008,0,31.6979,-31.6979,-5.30038,-0.0311061,-0.0306892,-0.000416857,0,-4.76133,4.76133,-0.00416857,
1.73472e+09,0.00314967,0.00212588,0.00102379,0,-0.0516162,0.0516162,0.307138,-0.0502119,-0.0557829,0.00557098,0,-2.02346,2.02346,2.78549,1.65704,1.65733,-0.000289337,0,-1.34374,1.34374,-0.115735,-0.241447,-0.227753,-0.013694,0,31.2196,-31.2196,-4.10821,-0.0319337,-0.0307504,-0.00118335,0,1.72931,-1.72931,-0.355004,0.222207,0.197568,0.0246384,0,-39.1502,39.1502,12.3192,-0.0311061,-0.0225593,-0.00854679,0,3.67724,-3.67724,-0.0854679,
1.73472e+09,0.00314967,0.00211281,0.00103686,0,-0.116356,0.116356,0.311059,-0.0502119,-0.0626083,0.0123963,0,-3.70612,3.70612,6.19817,1.65704,1.66313,-0.00609454,0,0.160487,-0.160487,-2.43782,-0.241447,-0.228122,-0.0133253,0,30.1076,-30.1076,-3.99758,-0.0319337,-0.030837,-0.00109676,0,3.98638,-3.98638,-0.329027,0.222207,0.200027,0.02218,0,-33.9232,33.9232,11.09,-0.0311061,-0.00105921,-0.0300469,0,14.2562,-14.2562,-0.300469,
1.73472e+09,0.00314967,0.00411139,-0.000961716,0,-0.0535203,0.0535203,-0.288515,-0.0502119,-0.0524118,0.00219991,0,-2.37498,2.37498,1.09996,1.65704,1.65594,0.00109586,0,-0.714401,0.714401,0.438344,-0.241447,-0.231207,-0.0102402,0,26.6867,-26.6867,-3.07207,-0.0319337,-0.0315843,-0.000349416,0,0.920878,-0.920878,-0.104825,0.222207,0.198141,0.0240652,0,-31.1809,31.1809,12.0326,-0.0311061,-0.0168939,-0.0142122,0,1.29681,-1.29681,-0.142122,
1.73472e+09,0.00314967,0.00429656,-0.00114689,0,-0.103932,0.103932,-0.344066,-0.0502119,-0.051522,0.0013101,0,-2.41258,2.41258,0.65505,1.65704,1.65888,-0.00184447,0,-0.34142,0.34142,-0.737789,-0.241447,-0.232831,-0.00861634,0,25.3988,-25.3988,-2.5849,-0.0319337,-0.0314858,-0.000447921,0,1.37295,-1.37295,-0.134376,0.222207,0.198223,0.0239831,0,-30.5853,30.5853,11.9915,-0.0311061,-0.0270238,-0.00408225,0,3.59552,-3.59552,-0.0408225,
1.73472e+09,0.00314967,0.00420597,-0.0010563,0,0.00103891,-0.00103891,-0.316889,-0.0502119,-0.0613231,0.0111112,0,-2.63758,2.63758,5.55559,1.65704,1.6569,0.000135268,0,-0.544109,0.544109,0.0541071,-0.241447,-0.228066,-0.0133812,0,31.2047,-31.2047,-4.01435,-0.0319337,-0.0315694,-0.000364285,0,4.26727,-4.26727,-0.109286,0.222207,0.202599,0.0196077,0,-35.7492,35.7492,9.80387,-0.0311061,-0.00368726,-0.0274188,0,12.0386,-12.0386,-0.274188,
1.73472e+09,0.00314967,0.00459509,-0.00144542,0,-0.113353,0.113353,-0.433625,-0.0502119,-0.0551096,0.00489767,0,-2.78566,2.78566,2.44884,1.65704,1.66075,-0.00371159,0,0.0997368,-0.0997368,-1.48464,-0.241447,-0.225581,-0.0158658,0,32.0698,-32.0698,-4.75973,-0.0319337,-0.0310138,-0.000919946,0,2.39018,-2.39018,-0.275984,0.222207,0.194441,0.0277651,0,-38.5282,38.5282,13.8826,-0.0311061,-0.0141628,-0.0169432,0,5.43178,-5.43178,-0.169432,
1.73472e+09,0.00314967,0.00350675,-0.000357081,0,-0.00369714,0.00369714,-0.107124,-0.0502119,-0.0527127,0.00250078,0,-3.00431,3.00431,1.25039,1.65704,1.65501,0.00202215,0,-0.931885,0.931885,0.80886,-0.241447,-0.225561,-0.0158859,0,32.0738,-32.0738,-4.76577,-0.0319337,-0.0310033,-0.000930398,0,1.49724,-1.49724,-0.279119,0.222207,0.201237,0.0209694,0,-37.6776,37.6776,10.4847,-0.0311061,-0.0232434,-0.00786264,0,4.47076,-4.47076,-0.0786264,
1.73472e+09,0.00314967,0.00430141,-0.00115174,0,-0.0205591,0.0205591,-0.345522,-0.0502119,-0.058906,0.0086941,0,-2.64448,2.64448,4.34705,1.65704,1.65739,-0.000349402,0,-0.161361,0.161361,-0.139761,-0.241447,-0.22658,-0.0148672,0,31.0415,-31.0415,-4.46016,-0.0319337,-0.0310808,-0.000852919,0,3.3007,-3.3007,-0.255876,0.222207,0.200816,0.0213901,0,-37.808,37.808,10.6951,-0.0311061,-0.0197369,-0.0113691,0,6.72941,-6.72941,-0.113691,
1.73472e+09,0.00314967,0.00132226,0.00182741,0,-0.0638791,0.0638791,0.548223,-0.0502119,-0.0553827,0.00517081,0,0.297585,-0.297585,2.5854,1.65704,1.66378,-0.00674117,0,-0.0417805,0.0417805,-2.69647,-0.241447,-0.255465,0.0140183,0,-15.7263,15.7263,4.2055,-0.0319337,-0.03029,-0.00164369,0,-0.0649167,0.0649167,-0.493106,0.222207,0.228882,-0.00667514,0,20.8754,-20.8754,-3.33757,-0.0311061,-0.0285549,-0.00255117,0,-4.006,4.006,-0.0255117,
1.73472e+09,0.00314967,0.00417095,-0.00102127,0,0.155997,-0.155997,-0.306382,-0.0502119,-0.0491646,-0.00104728,0,3.28756,-3.28756,-0.523638,1.65704,1.65401,0.00302699,0,0.717956,-0.717956,1.2108,-0.241447,-0.257861,0.0164136,0,-32.0921,32.0921,4.92408,-0.0319337,-0.0324128,0.000479041,0,-1.53043,1.53043,0.143712,0.222207,0.235197,-0.012991,0,38.4835,-38.4835,-6.49548,-0.0311061,-0.0228271,-0.00827892,0,-7.01755,7.01755,-0.0827892,
1.73472e+09,0.00314967,0.00416256,-0.00101289,0,0.105302,-0.105302,-0.303867,-0.0502119,-0.0573186,0.00710666,0,4.13698,-4.13698,3.55333,1.65704,1.65767,-0.000633541,0,-0.119411,0.119411,-0.253416,-0.241447,-0.259064,0.0176173,0,-32.7384,32.7384,5.28519,-0.0319337,-0.0332143,0.00128062,0,-1.42052,1.42052,0.384186,0.222207,0.239798,-0.017592,0,38.6849,-38.6849,-8.79598,-0.0311061,-0.0153474,-0.0157587,0,-7.20997,7.20997,-0.157587,
1.73472e+09,0.00314967,0.00361741,-0.000467734,0,-0.227961,0.227961,-0.14032,-0.0502119,-0.0502386,2.66728e-05,0,2.3867,-2.3867,0.0133364,1.65704,1.66014,-0.00310002,0,0.920552,-0.920552,-1.24001,-0.241447,-0.257196,0.015749,0,-25.3464,25.3464,4.72471,-0.0319337,-0.0326847,0.000751022,0,-2.76441,2.76441,0.225306,0.222207,0.227309,-0.00510283,0,29.0888,-29.0888,-2.55141,-0.0311061,-0.018118,-0.0129881,0,-10.5949,10.5949,-0.129881,
1.73472e+09,0.00314967,0.00277819,0.00037148,0,0.106971,-0.106971,0.111444,-0.0502119,-0.0492981,-0.000913852,0,2.4568,-2.4568,-0.456926,1.65704,1.65648,0.00055286,0,0.393939,-0.393939,0.221144,-0.241447,-0.258048,0.0166012,0,-29.7764,29.7764,4.98036,-0.0319337,-0.0327571,0.000823413,0,-1.55182,1.55182,0.247024,0.222207,0.230485,-0.00827805,0,35.1318,-35.1318,-4.13902,-0.0311061,-0.0296048,-0.00150123,0,-5.0577,5.0577,-0.0150123,
1.73472e+09,0.00314967,0.00447899,-0.00132931,0,0.133723,-0.133723,-0.398794,-0.0502119,-0.0539025,0.00369054,0,4.38327,-4.38327,1.84527,1.65704,1.65896,-0.0019265,0,-0.165216,0.165216,-0.770599,-0.241447,-0.259282,0.017835,0,-32.7442,32.7442,5.35049,-0.0319337,-0.0325562,0.000622459,0,-2.16444,2.16444,0.186738,0.222207,0.232262,-0.0100551,0,37.3708,-37.3708,-5.02755,-0.0311061,-0.0206981,-0.010408,0,-8.02391,8.02391,-0.10408,
1.73472e+09,0.00314967,0.0036459,-0.000496231,0,0.195531,-0.195531,-0.148869,-0.0502119,-0.051283,0.00107109,0,3.13749,-3.13749,0.535546,1.65704,1.65737,-0.000329022,0,-0.289086,0.289086,-0.131609,-0.241447,-0.258057,0.0166099,0,-29.0666,29.0666,4.98296,-0.0319337,-0.0320144,8.07238e-05,0,-0.355468,0.355468,0.0242171,0.222207,0.231139,-0.00893206,0,34.7315,-34.7315,-4.46603,-0.0311061,-0.024604,-0.00650209,0,-4.82684,4.82684,-0.0650209,
1.73472e+09,0.00314967,0.00362529,-0.000475617,0,-0.0410399,0.0410399,-0.142685,-0.0502119,-0.0506076,0.000395666,0,2.86539,-2.86539,0.197833,1.65704,1.65867,-0.00163291,0,0.250653,-0.250653,-0.653165,-0.241447,-0.257881,0.0164342,0,-27.9243,27.9243,4.93027,-0.0319337,-0.0325408,0.000607067,0,-1.35202,1.35202,0.18212,0.222207,0.228817,-0.00660999,0,33.1432,-33.1432,-3.305,-0.0311061,-0.0217425,-0.0093636,0,-5.0237,5.0237,-0.093636,
1.73472e+09,0.00314967,0.00309223,5.74427e-05,0,0.00565838,-0.00565838,0.0172328,-0.0502119,-0.0555652,0.00535324,0,3.07665,-3.07665,2.67662,1.65704,1.65857,-0.00152943,0,0.278881,-0.278881,-0.611771,-0.241447,-0.258434,0.0169874,0,-31.1202,31.1202,5.09621,-0.0319337,-0.0348627,0.00292902,0,-3.43687,3.43687,0.878705,0.222207,0.23595,-0.0137439,0,38.6749,-38.6749,-6.87194,-0.0311061,-0.0124004,-0.0187057,0,-10.4218,10.4218,-0.187057,
1.73472e+09,0.00314967,0.00392823,-0.000778558,0,0.0395636,-0.0395636,-0.233567,-0.0502119,-0.0483897,-0.00182219,0,2.73948,-2.73948,-0.911096,1.65704,1.65679,0.000244811,0,0.0408315,-0.0408315,0.0979245,-0.241447,-0.257467,0.0160204,0,-26.8925,26.8925,4.80612,-0.0319337,-0.0325355,0.000601827,0,-1.1161,1.1161,0.180548,0.222207,0.22903,-0.00682304,0,32.3401,-32.3401,-3.41152,-0.0311061,-0.0198427,-0.0112633,0,-5.15126,5.15126,-0.112633,
1.73472e+09,0.00314967,0.00433513,-0.00118546,0,0.0882421,-0.0882421,-0.355637,-0.0502119,-0.0544931,0.00428115,0,-3.65949,3.65949,2.14057,1.65704,1.65667,0.000365872,0,0.194225,-0.194225,0.146349,-0.241447,-0.227152,-0.0142953,0,31.242,-31.242,-4.2886,-0.0319337,-0.0304282,-0.00150553,0,2.41158,-2.41158,-0.45166,0.222207,0.197313,0.0248936,0,-37.2431,37.2431,12.4468,-0.0311061,-0.0176483,-0.0134577,0,9.53012,-9.53012,-0.134577,
1.73472e+09,0.00314967,0.0039958,-0.000846124,0,-0.082726,0.082726,-0.253837,-0.0502119,-0.0528412,0.00262926,0,3.23751,-3.23751,1.31463,1.65704,1.65983,-0.00278948,0,0.451328,-0.451328,-1.11579,-0.241447,-0.257489,0.0160415,0,-29.4599,29.4599,4.81246,-0.0319337,-0.0338141,0.00188037,0,-2.91187,2.91187,0.564112,0.222207,0.232428,-0.010221,0,34.3457,-34.3457,-5.1105,-0.0311061,-0.0151527,-0.0159533,0,-11.7647,11.7647,-0.159533,
1.73472e+09,0.00314967,0.00443059,-0.00128091,0,0.230078,-0.230078,-0.384274,-0.0502119,-0.055647,0.00543506,0,-2.08555,2.08555,2.71753,1.65704,1.65649,0.000543766,0,-1.24168,1.24168,0.217507,-0.241447,-0.2274,-0.014047,0,31.1076,-31.1076,-4.2141,-0.0319337,-0.0307254,-0.00120828,0,3.15193,-3.15193,-0.362484,0.222207,0.195227,0.026979,0,-37.2562,37.2562,13.4895,-0.0311061,-0.0117323,-0.0193738,0,7.26922,-7.26922,-0.193738,
1.73472e+09,0.00314967,0.0026916,0.000458077,0,0.0901951,-0.0901951,0.137423,-0.0502119,-0.0498972,-0.000314687,0,2.85577,-2.85577,-0.157343,1.65704,1.66029,-0.00325391,0,0.51114,-0.51114,-1.30156,-0.241447,-0.258262,0.0168147,0,-29.6695,29.6695,5.04442,-0.0319337,-0.0327032,0.000769475,0,-1.4901,1.4901,0.230843,0.222207,0.231175,-0.00896832,0,34.5521,-34.5521,-4.48416,-0.0311061,-0.0255324,-0.00557366,0,-4.86659,4.86659,-0.0557366,
1.73472e+09,0.00314967,0.00317822,-2.85502e-05,0,0.129125,-0.129125,-0.00856506,-0.0502119,-0.0586137,0.00840182,0,-3.0233,3.0233,4.20091,1.65704,1.66056,-0.00352806,0,-0.26625,0.26625,-1.41123,-0.241447,-0.226265,-0.0151819,0,31.1806,-31.1806,-4.55456,-0.0319337,-0.031897,-3.67264e-05,0,2.05425,-2.05425,-0.0110179,0.222207,0.195491,0.0267152,0,-38.1886,38.1886,13.3576,-0.0311061,-0.00393092,-0.0271751,0,4.22747,-4.22747,-0.271751,
1.73472e+09,0.00314967,0.0036407,-0.000491028,0,-0.137306,0.137306,-0.147308,-0.0502119,-0.0524481,0.00223622,0,-2.72626,2.72626,1.11811,1.65704,1.6574,-0.00036395,0,0.0323922,-0.0323922,-0.14558,-0.241447,-0.236966,-0.00448093,0,20.5427,-20.5427,-1.34428,-0.0319337,-0.0300831,-0.00185063,0,1.77248,-1.77248,-0.555189,0.222207,0.204441,0.0177658,0,-22.7089,22.7089,8.88288,-0.0311061,-0.0145974,-0.0165086,0,9.24591,-9.24591,-0.165086,
1.73472e+09,0.00314967,0.0031796,-2.99236e-05,0,0.0327253,-0.0327253,-0.00897708,-0.0502119,-0.056704,0.00649206,0,-2.5985,2.5985,3.24603,1.65704,1.65663,0.000406398,0,-0.284536,0.284536,0.162559,-0.241447,-0.225806,-0.0156414,0,32.2935,-32.2935,-4.69242,-0.0319337,-0.0310987,-0.000835052,0,3.44101,-3.44101,-0.250516,0.222207,0.198141,0.0240659,0,-37.7554,37.7554,12.0329,-0.0311061,-0.0175462,-0.0135599,0,7.12763,-7.12763,-0.135599,
1.73472e+09,0.00314967,0.00330093,-0.000151255,0,0.0367829,-0.0367829,-0.0453766,-0.0502119,-0.0536084,0.00339651,0,3.56216,-3.56216,1.69825,1.65704,1.65942,-0.00237905,0,-0.0405442,0.0405442,-0.95162,-0.241447,-0.258677,0.0172303,0,-32.7932,32.7932,5.16908,-0.0319337,-0.0323483,0.000414589,0,-1.35836,1.35836,0.124377,0.222207,0.234658,-0.0124516,0,38.7438,-38.7438,-6.22582,-0.0311061,-0.0214864,-0.00961968,0,-7.9083,7.9083,-0.0961968,
1.73472e+09,0.00314967,0.00293343,0.000216247,0,0.076929,-0.076929,0.0648741,-0.0502119,-0.0523642,0.0021523,0,2.90348,-2.90348,1.07615,1.65704,1.65917,-0.00213828,0,0.391282,-0.391282,-0.855311,-0.241447,-0.257567,0.0161198,0,-31.3176,31.3176,4.83594,-0.0319337,-0.0322167,0.000283019,0,-1.97098,1.97098,0.0849057,0.222207,0.232561,-0.0103546,0,35.9567,-35.9567,-5.17731,-0.0311061,-0.0200495,-0.0110565,0,-9.73046,9.73046,-0.110565,
1.73472e+09,0.00314967,0.00310966,4.00132e-05,0,0.0407493,-0.0407493,0.012004,-0.0502119,-0.0522123,0.0020004,0,2.82932,-2.82932,1.0002,1.65704,1.65809,-0.00105251,0,0.335216,-0.335216,-0.421004,-0.241447,-0.258495,0.017048,0,-31.3907,31.3907,5.11439,-0.0319337,-0.0325951,0.000661419,0,-1.64757,1.64757,0.198426,0.222207,0.230638,-0.00843138,0,36.7258,-36.7258,-4.21569,-0.0311061,-0.0301344,-0.000971696,0,-5.37972,5.37972,-0.00971696,
1.73472e+09,0.00314967,0.00300701,0.000142668,0,0.0154582,-0.0154582,0.0428004,-0.0502119,-0.0559836,0.00577167,0,3.07286,-3.07286,2.88584,1.65704,1.661,-0.00396507,0,0.565426,-0.565426,-1.58603,-0.241447,-0.257279,0.015832,0,-30.0215,30.0215,4.74961,-0.0319337,-0.0329949,0.00106117,0,-1.8595,1.8595,0.318351,0.222207,0.233233,-0.011026,0,34.8809,-34.8809,-5.51302,-0.0311061,-0.0154247,-0.0156814,0,-11.3227,11.3227,-0.156814,
1.73472e+09,0.00314967,0.00274686,0.000402813,0,-0.125816,0.125816,0.120844,-0.0502119,-0.0523075,0.00209557,0,3.09851,-3.09851,1.04779,1.65704,1.65866,-0.00162877,0,0.333083,-0.333083,-0.651508,-0.241447,-0.257876,0.0164291,0,-30.8879,30.8879,4.92874,-0.0319337,-0.0347811,0.00284737,0,-3.52192,3.52192,0.85421,0.222207,0.232513,-0.010306,0,36.8826,-36.8826,-5.15301,-0.0311061,-0.0163726,-0.0147335,0,-12.0869,12.0869,-0.147335,
1.73472e+09,0.00314967,0.00427875,-0.00112908,0,0.0805458,-0.0805458,-0.338723,-0.0502119,-0.0508993,0.000687356,0,2.72776,-2.72776,0.343678,1.65704,1.65736,-0.000327892,0,0.550522,-0.550522,-0.131157,-0.241447,-0.258065,0.016618,0,-32.1945,32.1945,4.9854,-0.0319337,-0.0331274,0.00119366,0,-1.91741,1.91741,0.358098,0.222207,0.233251,-0.011044,0,37.8363,-37.8363,-5.52201,-0.0311061,-0.0259602,-0.00514589,0,-7.54518,7.54518,-0.0514589,
1.73472e+09,0.00314967,0.00228316,0.000866517,0,-0.142641,0.142641,0.259955,-0.0502119,-0.0544663,0.00425438,0,-2.44505,2.44505,2.12719,1.65704,1.65835,-0.00131025,0,-0.168105,0.168105,-0.5241,-0.241447,-0.234105,-0.00734249,0,24.1907,-24.1907,-2.20275,-0.0319337,-0.0300003,-0.00193344,0,2.77716,-2.77716,-0.580033,0.222207,0.201119,0.0210878,0,-27.9018,27.9018,10.5439,-0.0311061,-0.0124059,-0.0187001,0,14.1641,-14.1641,-0.187001,
1.73472e+09,0.00314967,0.00358586,-0.000436182,0,0.211676,-0.211676,-0.130855,-0.0502119,-0.0558468,0.00563487,0,-2.16384,2.16384,2.81743,1.65704,1.65722,-0.000184283,0,-0.868403,0.868403,-0.0737132,-0.241447,-0.227684,-0.0137628,0,31.3966,-31.3966,-4.12885,-0.0319337,-0.0311671,-0.000766636,0,1.84603,-1.84603,-0.229991,0.222207,0.198864,0.0233428,0,-38.5359,38.5359,11.6714,-0.0311061,-0.0130845,-0.0180215,0,3.17907,-3.17907,-0.180215,
1.73472e+09,0.00314967,0.00231333,0.000836342,0,-0.291457,0.291457,0.250903,-0.0502119,-0.0515121,0.00130018,0,1.41658,-1.41658,0.650088,1.65704,1.6589,-0.00186065,0,0.674789,-0.674789,-0.744258,-0.241447,-0.257542,0.016095,0,-20.3555,20.3555,4.82851,-0.0319337,-0.0334843,0.00155057,0,-4.05991,4.05991,0.46517,0.222207,0.229601,-0.00739415,0,25.7676,-25.7676,-3.69708,-0.0311061,-0.0290894,-0.00201671,0,-7.57042,7.57042,-0.0201671,
1.73472e+09,0.00314967,0.00304545,0.000104226,0,0.283989,-0.283989,0.0312678,-0.0502119,-0.0541935,0.00398155,0,3.05435,-3.05435,1.99077,1.65704,1.65747,-0.000437746,0,0.504535,-0.504535,-0.175098,-0.241447,-0.256927,0.0154804,0,-31.067,31.067,4.64412,-0.0319337,-0.0332125,0.00127877,0,-1.20613,1.20613,0.383631,0.222207,0.236058,-0.0138512,0,36.8962,-36.8962,-6.92558,-0.0311061,-0.0185646,-0.0125415,0,-9.68029,9.68029,-0.125415,
1.73472e+09,0.00314967,0.00313822,1.14539e-05,0,0.0121575,-0.0121575,0.00343617,-0.0502119,-0.0513458,0.0011339,0,3.44343,-3.44343,0.56695,1.65704,1.66092,-0.00388002,0,0.37352,-0.37352,-1.55201,-0.241447,-0.258944,0.0174971,0,-32.3191,32.3191,5.24912,-0.0319337,-0.0324967,0.000562961,0,-2.11025,2.11025,0.168888,0.222207,0.230384,-0.00817764,0,36.6225,-36.6225,-4.08882,-0.0311061,-0.0282589,-0.00284716,0,-6.125,6.125,-0.0284716,
1.73472e+09,0.00314967,0.00451284,-0.00136317,0,0.0935166,-0.0935166,-0.40895,-0.0502119,-0.0543922,0.00418024,0,-2.02397,2.02397,2.09012,1.65704,1.65236,0.00468086,0,-0.753564,0.753564,1.87234,-0.241447,-0.22756,-0.013887,0,31.2511,-31.2511,-4.16609,-0.0319337,-0.0302251,-0.00170862,0,3.03444,-3.03444,-0.512587,0.222207,0.197192,0.0250142,0,-37.8005,37.8005,12.5071,-0.0311061,-0.0136911,-0.0174149,0,6.40944,-6.40944,-0.174149,
1.73472e+09,0.00314967,0.00344742,-0.000297748,0,0.087269,-0.087269,-0.0893243,-0.0502119,-0.0514083,0.00119642,0,1.37142,-1.37142,0.598212,1.65704,1.66218,-0.00514645,0,0.286241,-0.286241,-2.05858,-0.241447,-0.257134,0.0156867,0,-19.9989,19.9989,4.70602,-0.0319337,-0.0318297,-0.000103965,0,-0.0210209,0.0210209,-0.0311894,0.222207,0.229828,-0.00762159,0,25.442,-25.442,-3.81079,-0.0311061,-0.0240907,-0.00701539,0,-1.25532,1.25532,-0.0701539,
1.73472e+09,0.00314967,0.00299769,0.000151988,0,0.124293,-0.124293,0.0455963,-0.0502119,-0.0544926,0.00428067,0,3.75678,-3.75678,2.14033,1.65704,1.65474,0.00229843,0,0.0120126,-0.0120126,0.919372,-0.241447,-0.258603,0.0171563,0,-32.6844,32.6844,5.1469,-0.0319337,-0.0327376,0.000803903,0,-1.22119,1.22119,0.241171,0.222207,0.240646,-0.0184399,0,39.4509,-39.4509,-9.21994,-0.0311061,-0.0174499,-0.0136562,0,-7.76668,7.76668,-0.136562,
1.73472e+09,0.00314967,0.00460733,-0.00145766,0,0.0891109,-0.0891109,-0.437297,-0.0502119,-0.0532467,0.00303481,0,3.63504,-3.63504,1.51741,1.65704,1.65788,-0.000840936,0,0.228764,-0.228764,-0.336375,-0.241447,-0.257169,0.0157218,0,-29.8711,29.8711,4.71654,-0.0319337,-0.0336719,0.00173815,0,-2.7089,2.7089,0.521444,0.222207,0.23535,-0.013143,0,33.9717,-33.9717,-6.57151,-0.0311061,-0.023734,-0.00737207,0,-7.27722,7.27722,-0.0737207,
1.73472e+09,0.00314967,0.00310509,4.45837e-05,0,-0.35903,0.35903,0.0133751,-0.0502119,-0.054059,0.00384711,0,2.33974,-2.33974,1.92355,1.65704,1.65923,-0.00219713,0,0.542072,-0.542072,-0.878851,-0.241447,-0.258677,0.0172302,0,-28.7725,28.7725,5.16905,-0.0319337,-0.0347193,0.00278563,0,-5.01821,5.01821,0.83569,0.222207,0.232122,-0.00991568,0,34.7242,-34.7242,-4.95784,-0.0311061,-0.0190166,-0.0120895,0,-11.0947,11.0947,-0.120895,
1.73472e+09,0.00314967,0.00320375,-5.40798e-05,0,0.20191,-0.20191,-0.016224,-0.0502119,-0.050136,-7.59426e-05,0,3.56805,-3.56805,-0.0379713,1.65704,1.65592,0.00111549,0,-0.0961345,0.0961345,0.446194,-0.241447,-0.258468,0.0170209,0,-32.3114,32.3114,5.10628,-0.0319337,-0.0326125,0.000678825,0,-1.41542,1.41542,0.203647,0.222207,0.232055,-0.00984809,0,37.7042,-37.7042,-4.92404,-0.0311061,-0.0282629,-0.00284315,0,-6.11242,6.11242,-0.0284315,
1.73472e+09,0.00314967,0.00215513,0.000994547,0,-0.315709,0.315709,0.298364,-0.0502119,-0.052395,0.00218313,0,1.47695,-1.47695,1.09156,1.65704,1.65931,-0.00226974,0,1.15259,-1.15259,-0.907896,-0.241447,-0.257952,0.0165053,0,-22.2559,22.2559,4.9516,-0.0319337,-0.0331752,0.00124148,0,-3.76845,3.76845,0.372445,0.222207,0.228632,-0.00642519,0,27.1352,-27.1352,-3.21259,-0.0311061,-0.0266946,-0.00441143,0,-9.06167,9.06167,-0.0441143,
1.73472e+09,0.00314967,0.00375673,-0.000607053,0,0.25151,-0.25151,-0.182116,-0.0502119,-0.0506483,0.000436402,0,3.26965,-3.26965,0.218201,1.65704,1.65557,0.00146734,0,0.0701382,-0.0701382,0.586937,-0.241447,-0.257898,0.0164507,0,-31.7917,31.7917,4.93521,-0.0319337,-0.0325626,0.000628838,0,-1.7678,1.7678,0.188652,0.222207,0.236501,-0.0142946,0,37.9242,-37.9242,-7.14732,-0.0311061,-0.0235559,-0.0075502,0,-6.93703,6.93703,-0.075502,
1.73472e+09,0.00314967,0.00236491,0.000784763,0,0.038623,-0.038623,0.235429,-0.0502119,-0.051697,0.00148504,0,3.36607,-3.36607,0.742522,1.65704,1.66133,-0.00429256,0,0.571881,-0.571881,-1.71702,-0.241447,-0.257894,0.0164467,0,-29.8216,29.8216,4.934,-0.0319337,-0.0321278,0.000194126,0,-2.16147,2.16147,0.0582379,0.222207,0.228953,-0.006746,0,33.6607,-33.6607,-3.373,-0.0311061,-0.0218756,-0.00923046,0,-10.287,10.287,-0.0923046,
1.73472e+09,0.00314967,0.00468265,-0.00153298,0,0.115989,-0.115989,-0.459893,-0.0502119,-0.0566211,0.00640917,0,-2.65817,2.65817,3.20458,1.65704,1.65674,0.000296295,0,-0.688627,0.688627,0.118518,-0.241447,-0.225743,-0.0157041,0,31.9913,-31.9913,-4.71124,-0.0319337,-0.031288,-0.000645751,0,3.05191,-3.05191,-0.193725,0.222207,0.196309,0.0258978,0,-38.0091,38.0091,12.9489,-0.0311061,-0.0114189,-0.0196872,0,5.59984,-5.59984,-0.196872,
1.73472e+09,0.00314967,0.00228031,0.000869367,0,-0.0282854,0.0282854,0.26081,-0.0502119,-0.0547931,0.00458113,0,1.93523,-1.93523,2.29057,1.65704,1.66197,-0.00492939,0,0.842318,-0.842318,-1.97176,-0.241447,-0.257013,0.0155661,0,-23.8911,23.8911,4.66983,-0.0319337,-0.0329974,0.00106373,0,-2.02587,2.02587,0.319119,0.222207,0.229029,-0.00682278,0,28.1865,-28.1865,-3.41139,-0.0311061,-0.0178754,-0.0132306,0,-8.68247,8.68247,-0.132306,
1.73472e+09,0.00314967,0.00359962,-0.000449949,0,-0.0603638,0.0603638,-0.134985,-0.0502119,-0.0540585,0.0038466,0,0.292182,-0.292182,1.9233,1.65704,1.65635,0.000686698,0,0.477213,-0.477213,0.274679,-0.241447,-0.25767,0.0162227,0,-22.5737,22.5737,4.86681,-0.0319337,-0.0333342,0.00140045,0,-4.69057,4.69057,0.420136,0.222207,0.233165,-0.0109581,0,29.9412,-29.9412,-5.47905,-0.0311061,-0.0217058,-0.00940029,0,-9.5463,9.5463,-0.0940029,
1.73472e+09,0.00314967,0.00368044,-0.000530762,0,-0.114126,0.114126,-0.159229,-0.0502119,-0.053138,0.00292612,0,-2.33248,2.33248,1.46306,1.65704,1.659,-0.00196205,0,-0.378431,0.378431,-0.78482,-0.241447,-0.230077,-0.01137,0,28.7775,-28.7775,-3.41099,-0.0319337,-0.0312008,-0.000732875,0,1.29626,-1.29626,-0.219862,0.222207,0.195331,0.0268751,0,-35.3394,35.3394,13.4375,-0.0311061,-0.0185453,-0.0125608,0,3.56778,-3.56778,-0.125608,
1.73472e+09,0.00314967,0.00461092,-0.00146125,0,0.0968513,-0.0968513,-0.438375,-0.0502119,-0.0565428,0.00633091,0,-3.79979,3.79979,3.16545,1.65704,1.65819,-0.00115646,0,0.0189162,-0.0189162,-0.462586,-0.241447,-0.226496,-0.0149507,0,32.6145,-32.6145,-4.4852,-0.0319337,-0.0314182,-0.000515479,0,2.99216,-2.99216,-0.154644,0.222207,0.19737,0.0248361,0,-37.3213,37.3213,12.4181,-0.0311061,-0.00166723,-0.0294388,0,9.94289,-9.94289,-0.294388,
1.73472e+09,0.00314967,0.00371456,-0.000564887,0,-0.0900168,0.0900168,-0.169466,-0.0502119,-0.0577742,0.00756227,0,-3.54979,3.54979,3.78114,1.65704,1.65968,-0.00264413,0,0.35938,-0.35938,-1.05765,-0.241447,-0.229646,-0.0118006,0,28.8008,-28.8008,-3.54017,-0.0319337,-0.0299077,-0.00202606,0,3.50754,-3.50754,-0.607817,0.222207,0.197787,0.0244192,0,-34.1629,34.1629,12.2096,-0.0311061,-0.00782574,-0.0232803,0,16.1454,-16.1454,-0.232803,
1.73472e+09,0.00314967,0.00315496,-5.28709e-06,0,0.0684572,-0.0684572,-0.00158613,-0.0502119,-0.0529726,0.00276065,0,3.20416,-3.20416,1.38032,1.65704,1.65894,-0.0019068,0,0.240028,-0.240028,-0.762721,-0.241447,-0.257787,0.0163398,0,-30.4566,30.4566,4.90193,-0.0319337,-0.0342642,0.00233044,0,-3.60296,3.60296,0.699132,0.222207,0.234542,-0.012335,0,37.1086,-37.1086,-6.1675,-0.0311061,-0.0150758,-0.0160303,0,-13.165,13.165,-0.160303,
1.73472e+09,0.00314967,0.00199352,0.00115615,0,0.0942643,-0.0942643,0.346846,-0.0502119,-0.0516511,0.00143919,0,2.35335,-2.35335,0.719593,1.65704,1.65764,-0.000605412,0,0.815685,-0.815685,-0.242165,-0.241447,-0.257878,0.0164313,0,-32.164,32.164,4.92938,-0.0319337,-0.0311322,-0.000801526,0,-0.141904,0.141904,-0.240458,0.222207,0.234556,-0.0123494,0,37.4786,-37.4786,-6.17468,-0.0311061,-0.0302593,-0.000846804,0,-7.27173,7.27173,-0.00846804,
1.73472e+09,0.00314967,0.00268884,0.00046083,0,0.0411259,-0.0411259,0.138249,-0.0502119,-0.0548731,0.00466114,0,1.68826,-1.68826,2.33057,1.65704,1.65937,-0.00233643,0,0.664536,-0.664536,-0.934571,-0.241447,-0.258831,0.0173842,0,-23.5546,23.5546,5.21527,-0.0319337,-0.0344667,0.00253302,0,-4.93805,4.93805,0.759906,0.222207,0.229917,-0.00771008,0,28.7725,-28.7725,-3.85504,-0.0311061,-0.0181202,-0.0129859,0,-10.7279,10.7279,-0.129859,
1.73472e+09,0.00314967,0.00196622,0.00118345,0,-0.142473,0.142473,0.355035,-0.0502119,-0.0522258,0.00201385,0,2.40046,-2.40046,1.00692,1.65704,1.65918,-0.00214501,0,0.713988,-0.713988,-0.858006,-0.241447,-0.256814,0.0153667,0,-29.7868,29.7868,4.61002,-0.0319337,-0.0329321,0.000998376,0,-2.92994,2.92994,0.299513,0.222207,0.234648,-0.0124413,0,34.2515,-34.2515,-6.22067,-0.0311061,-0.0243517,-0.00675433,0,-6.92274,6.92274,-0.0675433,
1.73472e+09,0.00314967,0.00407517,-0.000925498,0,0.0696597,-0.0696597,-0.277649,-0.0502119,-0.0592499,0.00903799,0,-3.16215,3.16215,4.519,1.65704,1.66068,-0.00364742,0,0.0396837,-0.0396837,-1.45897,-0.241447,-0.23159,-0.00985728,0,27.7817,-27.7817,-2.95719,-0.0319337,-0.0308363,-0.0010974,0,4.35041,-4.35041,-0.329219,0.222207,0.198454,0.0237528,0,-32.8072,32.8072,11.8764,-0.0311061,-0.00392477,-0.0271813,0,17.7508,-17.7508,-0.271813,
1.73472e+09,0.00314967,0.00381849,-0.000668815,0,-0.0460301,0.0460301,-0.200645,-0.0502119,-0.0530741,0.0028622,0,-2.98007,2.98007,1.4311,1.65704,1.65835,-0.00131173,0,-0.460274,0.460274,-0.524692,-0.241447,-0.225623,-0.0158238,0,32.1428,-32.1428,-4.74715,-0.0319337,-0.0309794,-0.000954308,0,1.49765,-1.49765,-0.286292,0.222207,0.194187,0.0280193,0,-37.9466,37.9466,14.0097,-0.0311061,-0.0177268,-0.0133793,0,3.7737,-3.7737,-0.133793,
1.73472e+09,0.00314967,0.00417409,-0.00102442,0,0.0740842,-0.0740842,-0.307325,-0.0502119,-0.0582567,0.0080448,0,-3.4107,3.4107,4.0224,1.65704,1.65699,4.37993e-05,0,-0.139856,0.139856,0.0175197,-0.241447,-0.226686,-0.0147612,0,31.3908,-31.3908,-4.42837,-0.0319337,-0.0320063,7.26278e-05,0,2.81599,-2.81599,0.0217883,0.222207,0.19806,0.0241461,0,-35.4139,35.4139,12.073,-0.0311061,-0.00944772,-0.0216583,0,15.1512,-15.1512,-0.216583,
1.73472e+09,0.00314967,0.00613341,-0.00298374,0,-0.00239765,0.00239765,-0.895122,-0.0502119,-0.0552337,0.00502175,0,-2.53503,2.53503,2.51088,1.65704,1.65525,0.00178225,0,-0.514988,0.514988,0.712901,-0.241447,-0.227467,-0.0139803,0,31.4078,-31.4078,-4.1941,-0.0319337,-0.0311451,-0.000788579,0,1.76877,-1.76877,-0.236574,0.222207,0.193562,0.0286444,0,-39.1382,39.1382,14.3222,-0.0311061,-0.0223711,-0.00873499,0,3.89714,-3.89714,-0.0873499,
1.73472e+09,0.00314967,0.00397561,-0.000825941,0,0.0385108,-0.0385108,-0.247782,-0.0502119,-0.0542151,0.00400314,0,-2.7646,2.7646,2.00157,1.65704,1.66128,-0.00424204,0,-0.0392847,0.0392847,-1.69682,-0.241447,-0.234008,-0.00743939,0,23.8439,-23.8439,-2.23182,-0.0319337,-0.032334,0.000400241,0,0.0554514,-0.0554514,0.120072,0.222207,0.201172,0.021034,0,-26.9695,26.9695,10.517,-0.0311061,-0.022099,-0.00900708,0,1.74441,-1.74441,-0.0900708,
1.73472e+09,0.00314967,0.00532765,-0.00217798,0,-0.0636796,0.0636796,-0.653393,-0.0502119,-0.0556795,0.0054676,0,-2.87624,2.87624,2.7338,1.65704,1.6555,0.00153193,0,-0.392654,0.392654,0.612773,-0.241447,-0.2281,-0.0133472,0,30.667,-30.667,-4.00415,-0.0319337,-0.0306408,-0.00129288,0,2.21826,-2.21826,-0.387865,0.222207,0.198088,0.0241185,0,-37.1397,37.1397,12.0593,-0.0311061,-0.0124309,-0.0186752,0,8.65485,-8.65485,-0.186752,
1.73472e+09,0.00314967,0.000669323,0.00248035,0,-0.0364735,0.0364735,0.744105,-0.0502119,-0.0537536,0.00354166,0,-1.49248,1.49248,1.77083,1.65704,1.66069,-0.00365496,0,-0.963691,0.963691,-1.46199,-0.241447,-0.239083,-0.00236394,0,16.9484,-16.9484,-0.709181,-0.0319337,-0.0318296,-0.000104119,0,0.00512936,-0.00512936,-0.0312358,0.222207,0.206766,0.0154409,0,-18.4586,18.4586,7.72044,-0.0311061,-0.0165826,-0.0145235,0,0.000730739,-0.000730739,-0.145235,
1.73472e+09,0.00314967,0.00342054,-0.000270863,0,-0.00312686,0.00312686,-0.081259,-0.0502119,-0.056952,0.00674004,0,-3.13647,3.13647,3.37002,1.65704,1.65562,0.00141221,0,0.387642,-0.387642,0.564885,-0.241447,-0.231785,-0.00966184,0,27.2208,-27.2208,-2.89855,-0.0319337,-0.0302858,-0.0016479,0,3.15624,-3.15624,-0.49437,0.222207,0.198414,0.0237929,0,-32.7889,32.7889,11.8965,-0.0311061,-0.00775346,-0.0233526,0,14.2811,-14.2811,-0.233526,
1.73472e+09,0.00314967,0.00404815,-0.000898476,0,0.00861949,-0.00861949,-0.269543,-0.0502119,-0.0545584,0.00434649,0,-0.295554,0.295554,2.17325,1.65704,1.66041,-0.00337781,0,-1.64382,1.64382,-1.35112,-0.241447,-0.235897,-0.00554995,0,20.5282,-20.5282,-1.66498,-0.0319337,-0.0315416,-0.000392136,0,-0.00549183,0.00549183,-0.117641,0.222207,0.204054,0.0181529,0,-22.8609,22.8609,9.07647,-0.0311061,-0.022363,-0.00874302,0,-0.00169707,0.00169707,-0.0874302,
1.73472e+09,0.00314967,0.0048876,-0.00173792,0,0.137538,-0.137538,-0.521377,-0.0502119,-0.0562976,0.00608569,0,-3.07196,3.07196,3.04284,1.65704,1.64957,0.00746752,0,-0.404884,0.404884,2.98701,-0.241447,-0.225784,-0.0156632,0,31.9513,-31.9513,-4.69895,-0.0319337,-0.0314478,-0.000485954,0,1.17515,-1.17515,-0.145786,0.222207,0.196596,0.0256108,0,-37.0886,37.0886,12.8054,-0.0311061,-0.0294804,-0.00162564,0,3.36099,-3.36099,-0.0162564,
1.73472e+09,0.00314967,0.00459975,-0.00145008,0,-0.0992505,0.0992505,-0.435024,-0.0502119,-0.0586885,0.00847662,0,-2.63187,2.63187,4.23831,1.65704,1.66397,-0.0069313,0,0.164332,-0.164332,-2.77252,-0.241447,-0.226894,-0.0145531,0,30.7029,-30.7029,-4.36593,-0.0319337,-0.0322862,0.000352527,0,1.09868,-1.09868,0.105758,0.222207,0.194047,0.0281592,0,-38.8074,38.8074,14.0796,-0.0311061,-0.026937,-0.00416908,0,5.67717,-5.67717,-0.0416908,
1.73472e+09,0.00314967,0.00493849,-0.00178881,0,0.0119198,-0.0119198,-0.536644,-0.0502119,-0.050839,0.000627043,0,-1.58232,1.58232,0.313521,1.65704,1.64833,0.00870745,0,-1.6618,1.6618,3.48298,-0.241447,-0.235759,-0.00568808,0,22.7765,-22.7765,-1.70642,-0.0319337,-0.031582,-0.00035175,0,0.778395,-0.778395,-0.105525,0.222207,0.200348,0.0218584,0,-27.1184,27.1184,10.9292,-0.0311061,-0.02685,-0.00425604,0,1.66059,-1.66059,-0.0425604,
